username,videoId,timestamps
jaychou,s1039,143
jaychou,s1040,183
jaychou,s1041,150
jaychou,s1042,126
jaychou,s1043,138
jaychou,s1044,126
jaychou,s1045,116
jaychou,s1046,122
jaychou,s1047,137
jaychou,s1048,127
jaychou,s1049,125
jaychou,s1050,132
jaychou,s1051,145
jaychou,s1052,116
jaychou,s1053,114
jaychou,s1035,80
jaychou,s1036,43
jaychou,s1038,119
jaychou,s492,152
jaychou,s610,137
jaychou,s686,132
athonyhopkins,s1039,43
athonyhopkins,s1040,53
paulnicklen,s1041,150
paulnicklen,s1042,126
paulnicklen,s1043,138
paulnicklen,s1052,116
paulnicklen,s1053,114
andrewlloydwebber,s1035,80
mondo_duplantis,s1050,132
mondo_duplantis,s1051,145
mondo_duplantis,s1052,116
mondo_duplantis,s1053,114
mondo_duplantis,s1035,80
mondo_duplantis,s1036,43
mondo_duplantis,s1038,119
mondo_duplantis,s492,152
mondo_duplantis,s610,137
mondo_duplantis,s686,132